,label,area,equivalent_diameter,mean_intensity,perimeter
0,1,200744,505.56423841913056,70.64225082692384,6884.700069236609
1,2,1946,49.77674310413073,216.78365878725592,203.44469683442247
2,3,1038,36.3541283410165,204.4383429672447,148.5685424949238
3,4,2204,52.97376668310739,156.11252268602541,215.85891039679558
4,5,1475,43.33622420659609,185.08745762711865,165.7462120245875
5,6,2006,50.53828773057845,200.27367896311065,179.0893577750951
6,7,1472,43.292131038448076,139.11820652173913,176.9888527117068
7,8,2300,54.1151637980601,167.7104347826087,228.5452018978108
8,9,1862,48.69057436811434,229.56015037593986,187.09545442950497
9,10,6680,92.22385894567027,218.30344311377246,582.7949852598665
10,11,942,34.63223427878316,145.3524416135881,143.4030662740799
11,12,1466,43.203809699860365,214.03410641200546,167.74011537017762
12,13,1591,45.00804501057165,192.74670018856065,193.5391052434009
13,14,2438,55.71497114837561,154.04347826086956,234.65180361560903
14,15,2133,52.11352942298288,196.41537740271917,233.23759005323592
15,16,1930,49.57168870775802,217.52487046632123,173.78174593052023
16,17,1291,40.5432146265327,165.46862896979087,149.29646455628165
17,18,2192,52.829358145442924,174.30839416058393,189.7462120245875
18,19,2213,53.08181527132352,164.34342521464075,203.2731239591687
19,20,2225,53.225538860924054,170.32898876404494,209.33199846221441
20,21,2380,55.04825261958537,193.39033613445378,203.46803743153546
21,22,477,24.64417299969047,151.90356394129978,112.26093065034893
22,23,1471,43.27742333255787,246.66281441196466,165.9177848998413
23,24,2067,51.30093701841694,193.7527818093856,182.56854249492378
